_id,OCCUPANCY_DATE,ORGANIZATION_ID,ORGANIZATION_NAME,SHELTER_ID,SHELTER_GROUP,LOCATION_ID,LOCATION_NAME,LOCATION_ADDRESS,LOCATION_POSTAL_CODE,LOCATION_CITY,LOCATION_PROVINCE,PROGRAM_ID,PROGRAM_NAME,SECTOR,PROGRAM_MODEL,OVERNIGHT_SERVICE_TYPE,PROGRAM_AREA,SERVICE_USER_COUNT,CAPACITY_TYPE,CAPACITY_ACTUAL_BED,CAPACITY_FUNDING_BED,OCCUPIED_BEDS,UNOCCUPIED_BEDS,UNAVAILABLE_BEDS,CAPACITY_ACTUAL_ROOM,CAPACITY_FUNDING_ROOM,OCCUPIED_ROOMS,UNOCCUPIED_ROOMS,UNAVAILABLE_ROOMS,OCCUPANCY_RATE_BEDS,OCCUPANCY_RATE_ROOMS
1,22-01-01,24,COSTI Immigrant Services,40,COSTI Reception Centre,1103,SSHA North York West Hotel Program,1677 Wilson Ave,M3L 1A5,North York,ON,16192,COSTI North York West Hotel Program - Men,Men,Emergency,Motel/Hotel Shelter,COVID-19 Response,49,Room Based Capacity,,,,,,48,55,48,0,7,,100
4,22-01-01,24,COSTI Immigrant Services,40,COSTI Reception Centre,1051,COSTI Reception Centre,100 Lippincott St,M5S 2P1,Toronto,ON,12251,COSTI Reception Centre CITY Program,Mixed Adult,Emergency,Shelter,Base Shelter and Overnight Services System,8,Bed Based Capacity,8,8,8,0,0,,,,,,100,
5,22-01-01,24,COSTI Immigrant Services,40,COSTI Reception Centre,1114,COSTI Uptown Hotel Program,55 Hallcrown Pl,M2J 4R1,North York,ON,15372,COSTI Uptown Hotel COVID-19 - Family Program,Families,Emergency,Motel/Hotel Shelter,COVID-19 Response,294,Room Based Capacity,,,,,,107,113,107,0,6,,100
8,22-01-01,14,Christie Ossington Neighbourhood Centre,22,Christie Ossington Men's Hostel,1160,CONC Etobicoke Hotel Program,445 Rexdale Blvd,M9W 6P8,Etobicoke,ON,16111,CONC Etobicoke Hotel Program - Mixed Adult,Mixed Adult,Emergency,Motel/Hotel Shelter,COVID-19 Response,149,Room Based Capacity,,,,,,145,155,145,0,10,,100
9,22-01-01,14,Christie Ossington Neighbourhood Centre,22,Christie Ossington Men's Hostel,1172,CONC West End Hotel Program,14 Roncesvalles Ave,M6R 2K3,Toronto,ON,15711,CONC Men's Hotel Program,Men,Emergency,Motel/Hotel Shelter,COVID-19 Response,38,Room Based Capacity,,,,,,38,40,38,0,2,,100
10,22-01-01,14,Christie Ossington Neighbourhood Centre,22,Christie Ossington Men's Hostel,1029,CONC Men's Shelter Lansdowne Ave,973 Lansdowne Ave,M6H 3Z5,Toronto,ON,12011,Christie Ossington Men's Hostel,Men,Emergency,Shelter,Base Shelter and Overnight Services System,32,Bed Based Capacity,32,33,32,0,1,,,,,,100,
11,22-01-01,14,Christie Ossington Neighbourhood Centre,22,Christie Ossington Men's Hostel,1102,CONC Men's Shelter Bloor St W,850 Bloor St W,M6G 1M2,Toronto,ON,13611,Christie Ossington Men's Hostel South,Men,Emergency,Shelter,Base Shelter and Overnight Services System,14,Bed Based Capacity,15,15,14,1,0,,,,,,93.33,
12,22-01-01,23,"Christie Refugee Welcome Centre, Inc.",39,Christie Refugee Welcome Centre,1052,Christie Refugee Welcome Centre,43 Christie St,M6G 3B1,Toronto,ON,12233,Christie Refugee Welcome Centre - Settlement and Support,Families,Emergency,Shelter,Base Shelter and Overnight Services System,57,Room Based Capacity,,,,,,21,30,21,0,9,,100
13,22-01-01,1,City of Toronto,53,Birkdale Residence,1070,SSHA Birkdale Residence,1229 Ellesmere Rd,M1P 4V8,Toronto,ON,12351,Birkdale Residence - Bedded Program,Families,Emergency,Shelter,Base Shelter and Overnight Services System,214,Room Based Capacity,,,,,,63,65,63,0,2,,100
16,22-01-01,1,City of Toronto,60,Downsview Dells,1009,SSHA Downsview Dells,1651 Sheppard Ave W,M3M 2X4,Toronto,ON,11815,Downsview Dells Bedded Program,Men,Transitional,Shelter,Base Shelter and Overnight Services System,12,Bed Based Capacity,12,12,12,0,0,,,,,,100,
17,22-01-01,1,City of Toronto,83,Expansion  Sites,1181,SSHA Roehampton Hotel Program,808 Mt Pleasant Rd,M4P 2L2,Toronto,ON,15991,Roehampton Residence,Mixed Adult,Emergency,Motel/Hotel Shelter,COVID-19 Response,122,Room Based Capacity,,,,,,66,86,66,0,20,,100
18,22-01-01,1,City of Toronto,83,Expansion  Sites,1194,Scarborough Women's Shelter - Milner,20 Milner Business Ct,M1B 3M6,Scarborough,ON,16471,Scarborough Women's Shelter - Milner,Women,Emergency,Motel/Hotel Shelter,COVID-19 Response,100,Room Based Capacity,,,,,,100,100,100,0,0,,100
19,22-01-01,1,City of Toronto,2,Family Residence,1065,SSHA Family Residence,4222 Kingston Rd,M1E 2M6,Toronto,ON,12311,Family Residence - Main Program,Families,Emergency,Shelter,Base Shelter and Overnight Services System,150,Room Based Capacity,,,,,,43,43,43,0,0,,100
21,22-01-01,1,City of Toronto,2,Family Residence,1066,SSHA Scarborough Hotel Program 3,4674 Kingston Rd,M1E 2P9,Toronto,ON,12392,SSHA Scarborough Hotel 3 - Family Program,Families,Emergency,Motel/Hotel Shelter,Base Shelter and Overnight Services System,113,Room Based Capacity,,,,,,40,63,40,0,23,,100
23,22-01-01,1,City of Toronto,2,Family Residence,1067,SSHA Scarborough Hotel Program 4,4540 Kingston Rd,M1E 2N8,Toronto,ON,12391,SSHA Scarborough Hotel 4 - Family Program,Families,Emergency,Motel/Hotel Shelter,Base Shelter and Overnight Services System,45,Room Based Capacity,,,,,,20,20,20,0,0,,100
24,22-01-01,1,City of Toronto,62,Fort York Residence,1011,SSHA Fort York Residence,38 Bathurst St,M5V 3W3,Toronto,ON,11831,Fort York Residence Bedded Program,Men,Transitional,Shelter,Base Shelter and Overnight Services System,33,Bed Based Capacity,35,37,33,2,2,,,,,,94.29,
25,22-01-01,1,City of Toronto,62,Fort York Residence,1123,SSHA North Hotel Program,3600 Steeles Ave W,L4L 8P5,Vaughan,ON,14051,Fort York Residence North Hotel Program,Mixed Adult,Emergency,Motel/Hotel Shelter,COVID-19 Response,63,Room Based Capacity,,,,,,67,51,59,8,0,,88.06
27,22-01-01,1,City of Toronto,54,Robertson House,1069,Robertson House,291 Sherbourne St,M5A 2R9,Toronto,ON,12331,Robertson House - Main Program,Families,Emergency,Shelter,Base Shelter and Overnight Services System,83,Room Based Capacity,,,,,,32,37,32,0,5,,100
28,22-01-01,1,City of Toronto,82,SSHA Etobicoke Hotel Program,1163,SSHA Etobicoke Hotel Program,,,,,16551,SSHA Etobicoke Hotel Program,Mixed Adult,Emergency,Motel/Hotel Shelter,COVID-19 Response,68,Room Based Capacity,,,,,,71,82,61,10,11,,85.92
31,22-01-01,1,City of Toronto,59,Scarborough Village Residence,1155,SSHA Scarborough Hotel Program 1,4584 Kingston Rd,M1E 2P4,Scarborough,ON,15673,SSHA Scarborough Hotel 1 - Mixed Adult Program,Mixed Adult,Emergency,Motel/Hotel Shelter,COVID-19 Response,43,Room Based Capacity,,,,,,22,23,22,0,1,,100
32,22-01-01,1,City of Toronto,59,Scarborough Village Residence,1151,SSHA Scarborough Village Residence,3306 Kingston Rd,M1M 1P8,Toronto,ON,14811,Scarborough Village Residence Main Program,Mixed Adult,Transitional,Shelter,Base Shelter and Overnight Services System,75,Bed Based Capacity,78,80,75,3,2,,,,,,96.15,
33,22-01-01,1,City of Toronto,3,Seaton House,1154,SSHA Junction Place,731 Runnymede Rd,M6N 3V7,Toronto,ON,15171,Junction Place,Men,Emergency,Shelter,Base Shelter and Overnight Services System,47,Bed Based Capacity,47,50,47,0,3,,,,,,100,
34,22-01-01,1,City of Toronto,3,Seaton House,1008,SSHA Seaton House,339 George St,M5A 2N2,Toronto,ON,11812,Seaton House - Annex Harm Reduction & Managed Alcohol Program,Men,Emergency,Shelter,Base Shelter and Overnight Services System,44,Bed Based Capacity,50,51,44,6,1,,,,,,88,
39,22-01-01,1,City of Toronto,3,Seaton House,1190,SSHA Downtown Response Program,76 Church St,M5C 2G1,Toronto,ON,15751,Seaton House Hostel Response Program,Men,Emergency,Shelter,COVID-19 Response,44,Bed Based Capacity,44,55,44,0,11,,,,,,100,
40,22-01-01,1,City of Toronto,6,Streets To Homes,1004,Streets to Homes Assessment and Referral Centre (SHARC),129 Peter St,M5V 2H3,Toronto,ON,12952,Streets to Homes Bedded Program,Mixed Adult,Transitional,Shelter,Base Shelter and Overnight Services System,13,Bed Based Capacity,13,27,13,0,14,,,,,,100,
41,22-01-01,1,City of Toronto,4,Women's Residence,1124,SSHA Downtown Hotel Program,77 Ryerson Ave,M5T 2V4,Toronto,ON,14631,SSHA Downtown Hotel Women's Program,Mixed Adult,Emergency,Motel/Hotel Shelter,COVID-19 Response,66,Room Based Capacity,,,,,,65,71,60,5,6,,92.31
42,22-01-01,1,City of Toronto,4,Women's Residence,1005,SSHA Womens' Residence,674 Dundas St W,M5H 1H9,Toronto,ON,12471,Women's Residence Extreme Weather Program,Women,Emergency,Shelter,Base Shelter and Overnight Services System,4,Bed Based Capacity,4,4,4,0,0,,,,,,100,
44,22-01-01,13,Cornerstone Place,21,Cornerstone Place,1028,Cornerstone Place,616 Vaughan Rd,M6C 2R5,Toronto,ON,11971,Cornerstone Place,Men,Emergency,Shelter,Base Shelter and Overnight Services System,21,Bed Based Capacity,21,21,21,0,0,,,,,,100,
45,22-01-01,12,Covenant House Toronto,20,Covenant House,1026,Covenant House Gerrard St E,20 Gerrard St E,M5B 2P3,Toronto,ON,13371,Covenant House -  Transitional Safe Beds for women,Youth,Transitional,Shelter,Base Shelter and Overnight Services System,1,Bed Based Capacity,2,2,1,1,0,,,,,,50,
46,22-01-01,12,Covenant House Toronto,20,Covenant House,1198,Multiple Youth Agencies Downtown Hotel Program,92 Peter St,M5V 2G5,Toronto,ON,15551,Covenant House - Hotel Program,Youth,Emergency,Motel/Hotel Shelter,COVID-19 Response,42,Room Based Capacity,,,,,,42,42,42,0,0,,100
48,22-01-01,12,Covenant House Toronto,20,Covenant House,1027,Covenant House McGill St,21 McGill St,M5B 1H3,Toronto,ON,11955,Covenant House Rights of Passage,Youth,Transitional,Shelter,Base Shelter and Overnight Services System,27,Bed Based Capacity,28,28,27,1,0,,,,,,96.43,
49,22-01-01,6,Dixon Hall,80,351 Lakeshore Respite Services,1149,Dixon Hall 351 Lake Shore Blvd E Respite,351 Lake Shore Blvd E,M5A 1C1,Toronto,ON,14791,Dixon Hall 351 Lake Shore Blvd E. Respite,Mixed Adult,Emergency,24-Hour Respite Site,Base Shelter and Overnight Services System,44,Bed Based Capacity,44,44,44,0,0,,,,,,100,
50,22-01-01,6,Dixon Hall,9,Dixon Hall - Heyworth House,1128,Dixon Hall 354 George St,354 George St,M5A 2N3,Scarborough,ON,15331,Dixon Hall - 354 George,Mixed Adult,Emergency,24-Hour Respite Site,Base Shelter and Overnight Services System,50,Bed Based Capacity,50,50,50,0,0,,,,,,100,
51,22-01-01,6,Dixon Hall,9,Dixon Hall - Heyworth House,1176,Dixon Hall Bond Place Hotel Program,65 Dundas St E,M5B 2G8,Toronto,ON,16091,Dixon Hall - Bond Place Hotel Program,Mixed Adult,Emergency,Motel/Hotel Shelter,COVID-19 Response,243,Room Based Capacity,,,,,,231,245,226,5,14,,97.84
52,22-01-01,6,Dixon Hall,9,Dixon Hall - Heyworth House,1015,Dixon Hall Heyworth House,2714 Danforth Ave,M4C 1L7,Toronto,ON,11892,Dixon Hall - Heyworth House,Mixed Adult,Emergency,Shelter,Base Shelter and Overnight Services System,41,Bed Based Capacity,41,41,41,0,0,,,,,,100,
53,22-01-01,6,Dixon Hall,9,Dixon Hall - Heyworth House,1167,HFS Downtown Hotel Program,60 York St,M5J 1S8,Toronto,ON,15511,Dixon Hall Downtown Hotel - Mixed Adult Program,Mixed Adult,Emergency,Motel/Hotel Shelter,COVID-19 Response,89,Room Based Capacity,,,,,,90,92,89,1,2,,98.89
54,22-01-01,6,Dixon Hall,9,Dixon Hall - Heyworth House,1177,Dixon Hall Downtown Hotel,56 Yonge St,M5E 1G5,Toronto,ON,15891,Dixon Hall Downtown Hotel Program - Mixed Adult,Mixed Adult,Emergency,Motel/Hotel Shelter,COVID-19 Response,51,Room Based Capacity,,,,,,49,52,49,0,3,,100
55,22-01-01,6,Dixon Hall,14,Dixon Hall - Schoolhouse,1020,Dixon Hall Schoolhouse,349 George St,M5A 2N2,Toronto,ON,11897,Dixon Hall - Schoolhouse,Men,Emergency,Shelter,Base Shelter and Overnight Services System,22,Bed Based Capacity,22,22,22,0,0,,,,,,100,
56,22-01-01,11,Eva's Initiatives,19,Eva's Phoenix,1025,Eva's Phoenix,60 Brant St,M5V 3G9,Toronto,ON,11932,Eva's Phoenix,Youth,Transitional,Shelter,Base Shelter and Overnight Services System,42,Bed Based Capacity,50,50,42,8,0,,,,,,84,
57,22-01-01,11,Eva's Initiatives,18,Eva's Place,1024,Eva's Place,360 Lesmill Rd,M3B 2T5,Toronto,ON,11931,Eva's Place,Youth,Emergency,Shelter,Base Shelter and Overnight Services System,16,Bed Based Capacity,16,16,16,0,0,,,,,,100,
59,22-01-01,25,Fife House Foundation,41,Fife House Transitional Program,1053,Fife House Denison Ave,70 Denison Ave,M5T 2M8,Toronto,ON,12252,Fife House Denison Program,Mixed Adult,Transitional,Shelter,Base Shelter and Overnight Services System,4,Bed Based Capacity,5,5,4,1,0,,,,,,80,
60,22-01-01,25,Fife House Foundation,41,Fife House Transitional Program,1054,Fife House Sherbourne St,490 Sherbourne St,M4X 1K9,Toronto,ON,12253,Fife-Sherbourne Transitional Program,Mixed Adult,Transitional,Shelter,Base Shelter and Overnight Services System,10,Bed Based Capacity,11,11,10,1,0,,,,,,90.91,
61,22-01-01,26,Fred Victor Centre,58,FV Women's Transition to Housing,1099,Fred Victor Centre Transition to Housing Dundas St E,386 Dundas St E,M5A 2A5,Toronto,ON,13331,Fred Victor T2H Bedded Program,Women,Transitional,Shelter,Base Shelter and Overnight Services System,33,Bed Based Capacity,37,37,33,4,0,,,,,,89.19,
62,22-01-01,26,Fred Victor Centre,58,FV Women's Transition to Housing,1081,Fred Victor Mary Sheffield House,512 Jarvis St,M4Y 2H6,Toronto,ON,13191,Fred Victor Transition to Housing Bedded Program,Women,Transitional,Shelter,Base Shelter and Overnight Services System,24,Bed Based Capacity,24,24,24,0,0,,,,,,100,
63,22-01-01,26,Fred Victor Centre,42,Fred Victor Women's Hostel,1007,Adelaide Resource Centre for Women,67 Adelaide St E,M5C 1K6,Toronto,ON,16391,Fred Victor The Phoenix Women's 24/7 Drop-In,Women,Emergency,24-Hour Women's Drop-in,Base Shelter and Overnight Services System,40,Bed Based Capacity,44,44,40,4,0,,,,,,90.91,
64,22-01-01,26,Fred Victor Centre,42,Fred Victor Women's Hostel,1193,Fred Victor Centre Fatima House,1059 College Street,M6H 1B1,Toronto,ON,12256,Fred Victor Women's Hostel Program,Women,Emergency,Shelter,Base Shelter and Overnight Services System,23,Bed Based Capacity,23,23,23,0,0,,,,,,100,
65,22-01-01,26,Fred Victor Centre,44,"Fred Victor, BUS",1055,Fred Victor Centre Bethlehem United Shelter,1161 Caledonia Rd,M6A 2W9,Toronto,ON,12254,Fred Victor Bethlehem United Program,Mixed Adult,Emergency,Shelter,Base Shelter and Overnight Services System,54,Bed Based Capacity,54,54,54,0,0,,,,,,100,
66,22-01-01,26,Fred Victor Centre,44,"Fred Victor, BUS",1130,Fred Victor Uptown Hotel Program,185 Yorkland Blvd,M2J 4R2,North York,ON,15631,Fred Victor Uptown Hotel Program,Mixed Adult,Emergency,Motel/Hotel Shelter,COVID-19 Response,272,Room Based Capacity,,,,,,263,262,263,0,0,,100
67,22-01-01,26,Fred Victor Centre,72,Fred Victor-Better Living Centre,1152,Fred Victor Centre 1A Strachan Ave Respite,1A Strachan Ave,M6K 3C3,Toronto,ON,14931,Fred Victor 1A Strachan Ave Respite,Mixed Adult,Emergency,24-Hour Respite Site,Base Shelter and Overnight Services System,45,Bed Based Capacity,45,45,45,0,0,,,,,,100,
68,22-01-01,39,Friends of Ruby,85,Friends of Ruby,1187,Friends of Ruby  ,257 Dundas St E,M5A 1Z8,Toronto,ON,16252,Friends of Ruby - Emergency Housing,Youth,Emergency,Shelter,Base Shelter and Overnight Services System,2,Bed Based Capacity,5,5,2,3,0,,,,,,40,
70,22-01-01,10,Good Shepherd Ministries,16,Good Shepherd Centre,1022,Good Shepherd Centre,412 Queen St E,M5A 1T3,Toronto,ON,11899,Good Shepherd - D.A.R.E.,Men,Transitional,Shelter,Base Shelter and Overnight Services System,25,Bed Based Capacity,25,25,25,0,0,,,,,,100,
72,22-01-01,10,Good Shepherd Ministries,16,Good Shepherd Centre,1021,Good Shepherd Centre Barrett House,35 Sydenham St,M5A 4H5,Toronto,ON,11898,Good Shepherd Barrett House - Men's Program,Men,Transitional,Shelter,Base Shelter and Overnight Services System,5,Bed Based Capacity,5,5,5,0,0,,,,,,100,
73,22-01-01,10,Good Shepherd Ministries,16,Good Shepherd Centre,1168,Good Shepherd Centre West End Hotel Program,335 Jarvis St,M5B 2C2,Toronto,ON,15531,Good Shepherd Centre West End Hotel - Men's Program,Men,Emergency,Motel/Hotel Shelter,COVID-19 Response,45,Room Based Capacity,,,,,,45,47,45,0,2,,100
74,22-01-01,15,Homes First Society,68,HFS - Kennedy Shelter,1108,HFS Kennedy Rd Women's Shelter,702 Kennedy Rd,M1K 2B5,Toronto,ON,13591,Homes First Society- Kennedy Shelter Women's Program,Women,Emergency,Shelter,Base Shelter and Overnight Services System,50,Bed Based Capacity,50,50,50,0,0,,,,,,100,
76,22-01-01,15,Homes First Society,24,HFS - Scarborough Shelter,1150,HFS 545 Lake Shore Blvd W Shelter,545 Lake Shore Blvd W,M5V 1A3,Toronto,ON,14831,545 Lake Shore Blvd W. Couples,Mixed Adult,Emergency,Shelter,Base Shelter and Overnight Services System,48,Bed Based Capacity,48,70,48,0,22,,,,,,100,
79,22-01-01,15,Homes First Society,24,HFS - Scarborough Shelter,1195,HFS - Lawrence East Shelter,4117 Lawrence Ave E,M1E 2S2,Scarborough,ON,16491,HFS - Lawrence East Shelter,Mixed Adult,Emergency,Shelter,Base Shelter and Overnight Services System,48,Bed Based Capacity,48,55,48,0,7,,,,,,100,
80,22-01-01,15,Homes First Society,24,HFS - Scarborough Shelter,1191,45 The Esplanade,45 The Esplanade,M5E 1W2,Toronto,ON,16331,HFS 45 The Esplanade,Mixed Adult,Emergency,Motel/Hotel Shelter,COVID-19 Response,253,Room Based Capacity,,,,,,225,235,225,0,10,,100
81,22-01-01,15,Homes First Society,24,HFS - Scarborough Shelter,1179,Multiple Youth & Adult Agencies Scarborough Hotel Program,2035 Kennedy Rd,M1T 3G2,Scarborough,ON,16011,HFS Scarborough Hotel Program - Mixed Adult,Mixed Adult,Emergency,Motel/Hotel Shelter,COVID-19 Response,283,Room Based Capacity,,,,,,246,263,246,0,17,,100
82,22-01-01,15,Homes First Society,24,HFS - Scarborough Shelter,1125,HFS 195 Princes' Blvd ,195 Princes' Blvd,M6K 3C3,Toronto,ON,16151,Homes First Society - Better Living Centre - Winter Program,Mixed Adult,Emergency,24-Hour Respite Site,COVID-19 Response,174,Bed Based Capacity,174,174,174,0,0,,,,,,100,
83,22-01-01,15,Homes First Society,24,HFS - Scarborough Shelter,1200,HFS Placer,101 Placer Ct,M2H 3H9,Toronto,ON,16631,Homes First Society - Placer Mixed Adult Program,Mixed Adult,Emergency,Shelter,Base Shelter and Overnight Services System,23,Bed Based Capacity,25,51,23,2,26,,,,,,92,
84,22-01-01,15,Homes First Society,24,HFS - Scarborough Shelter,1031,HFS St. Clair Ave E Shelter,3576 St Clair Ave E,M1K 1M2,Toronto,ON,12012,Homes First Society - Scarborough Shelter,Mixed Adult,Emergency,Shelter,Base Shelter and Overnight Services System,37,Bed Based Capacity,37,37,37,0,0,,,,,,100,
85,22-01-01,15,Homes First Society,24,HFS - Scarborough Shelter,1153,HFS Willowdale Centre,5800 Yonge St,M2M 3T3,North York,ON,15111,Homes First Society - Willowdale Centre - Men,Men,Emergency,Shelter,Base Shelter and Overnight Services System,90,Bed Based Capacity,90,100,90,0,10,,,,,,100,
87,22-01-01,15,Homes First Society,26,HFS - Strachan House,1033,HFS Strachan House,805A Wellington St W,M5V 1G8,Toronto,ON,13311,Homes First Society - Flex Program,Mixed Adult,Emergency,Shelter,Base Shelter and Overnight Services System,1,Bed Based Capacity,1,3,1,0,2,,,,,,100,
89,22-01-01,9,Horizon for Youth,13,Horizons for Youth,1019,Horizons for Youth,422 Gilbert Ave,M6E 4X3,Toronto,ON,11896,Horizons for Youth,Youth,Emergency,Shelter,Base Shelter and Overnight Services System,18,Bed Based Capacity,18,18,18,0,0,,,,,,100,
91,22-01-01,32,Kennedy House Youth Services,57,Kennedy House Youth Shelter,1080,Kennedy House Youth Shelter,1076 Pape Ave,M4K 3W5,Toronto,ON,13151,Kennedy House Youth Shelter Bedded Program,Youth,Emergency,Shelter,Base Shelter and Overnight Services System,15,Bed Based Capacity,15,15,15,0,0,,,,,,100,
92,22-01-01,35,Margaret's Housing and Community Support Services,67,Margaret's Toronto East Drop-In,1118,Margaret's 21 Park Rd Respite ,21 Park Rd,M4W 2N1,Toronto,ON,15031,Margaret's 21 Park Rd. Respite,Mixed Adult,Emergency,24-Hour Respite Site,Base Shelter and Overnight Services System,27,Bed Based Capacity,27,27,27,0,0,,,,,,100,
93,22-01-01,2,Na-Me-Res (Native Men's Residence),1,Na-Me-Res,1002,Na-Me-Res,14 Vaughan Rd,M6G 2N1,Toronto,ON,11794,Na-Me-Res (Native Men's Residence),Men,Emergency,Shelter,Base Shelter and Overnight Services System,39,Bed Based Capacity,44,44,39,5,0,,,,,,88.64,
94,22-01-01,2,Na-Me-Res (Native Men's Residence),1,Na-Me-Res,1013,Sagatay ,26 Vaughan Rd,M6G 2C4,Toronto,ON,11871,Sagatay,Men,Transitional,Shelter,Base Shelter and Overnight Services System,13,Bed Based Capacity,17,17,13,4,0,,,,,,76.47,
95,22-01-01,8,Native Child & Family Services Toronto,12,Eagles Nest Transition House,1018,Native Child & Family Services Toronto,558 Bathurst St,M5S 2P9,Toronto,ON,11895,Native Child & Family Services Toronto,Youth,Emergency,Shelter,Base Shelter and Overnight Services System,7,Bed Based Capacity,9,9,7,2,0,,,,,,77.78,
97,22-01-01,33,Sistering: A Women's Place,65,Sistering,1104,Sistering,962 Bloor St W,M6H 1L6,Toronto,ON,16371,Sistering Overnight Women's Program,Women,Emergency,24-Hour Women's Drop-in,Base Shelter and Overnight Services System,19,Bed Based Capacity,19,19,19,0,0,,,,,,100,
98,22-01-01,19,Society of St.Vincent De Paul,34,SVDP - Amelie House,1050,SVDP Amelie House,126 Pape Ave,M4M 2V8,Toronto,ON,12232,St.Vincent De Paul - Amelie House - Women's Shelter,Women,Transitional,Shelter,Base Shelter and Overnight Services System,15,Bed Based Capacity,15,15,15,0,0,,,,,,100,
99,22-01-01,19,Society of St.Vincent De Paul,38,SVDP - Elisa House,1049,SVDP Elisa House,60 Newcastle St,M8Y 1A3,Toronto,ON,12231,St.Vincent De Paul - Elisa House,Women,Emergency,Shelter,Base Shelter and Overnight Services System,18,Bed Based Capacity,18,20,18,0,2,,,,,,100,
100,22-01-01,19,Society of St.Vincent De Paul,37,SVDP - Mary's Home,1048,SVDP Mary's Home,70 Gerrard St E,M5B 1G6,Toronto,ON,12211,St.Vincent De Paul - Mary's Home - Emergency Shelter,Women,Emergency,Shelter,Base Shelter and Overnight Services System,22,Bed Based Capacity,22,27,22,0,5,,,,,,100,
101,22-01-01,19,Society of St.Vincent De Paul,31,SVDP - St. Clare's Residence,1039,SVDP St. Clare's Residence,3410 Bayview Ave,M2M 3S3,Toronto,ON,12111,St.Vincent De Paul - St. Clare's Residence - Transitional Housing,Women,Transitional,Shelter,Base Shelter and Overnight Services System,24,Bed Based Capacity,25,30,24,1,5,,,,,,96,
102,22-01-01,34,St. Felix Social Ministries Outreach,66,St. Felix Centre,1105,St. Felix Centre 25 Augusta Ave. Respite ,25 Augusta Ave,M5T 2K7,Toronto,ON,15071,St. Felix Centre 25 Augusta Ave. Respite,Mixed Adult,Emergency,24-Hour Respite Site,Base Shelter and Overnight Services System,14,Bed Based Capacity,14,19,14,0,5,,,,,,100,
103,22-01-01,34,St. Felix Social Ministries Outreach,66,St. Felix Centre,1148,St. Felix Centre 69 Fraser Ave. Respite ,69 Fraser Ave,M6K 1E9,Toronto,ON,14611,St. Felix Centre 69 Fraser Respite,Mixed Adult,Emergency,24-Hour Respite Site,Base Shelter and Overnight Services System,43,Bed Based Capacity,43,43,43,0,0,,,,,,100,
104,22-01-01,18,St. Simon's Shelter Inc.,30,St. Simon's Shelter,1192,St. Simon's Clubbe House,556 Sherbourne St,M4X 1L4,Toronto,ON,16351,St. Simon's Clubbe House,Men,Emergency,Motel/Hotel Shelter,COVID-19 Response,30,Room Based Capacity,,,,,,30,32,30,0,2,,100
105,22-01-01,22,Street Haven At The Crossroads,36,Street Haven,1045,Street Haven,87 Pembroke St,M5A 2N9,Toronto,ON,12195,Street Haven - Emergency Hostel,Women,Emergency,Shelter,Base Shelter and Overnight Services System,26,Bed Based Capacity,26,28,26,0,2,,,,,,100,
106,22-01-01,22,Street Haven At The Crossroads,36,Street Haven,1180,Street Haven Downtown Hotel Program,26 Gerrard St E,M5B 1G3,Toronto,ON,15972,Street Haven Hotel Program,Women,Emergency,Motel/Hotel Shelter,COVID-19 Response,47,Room Based Capacity,,,,,,33,34,33,0,1,,100
107,22-01-01,28,The MUC Shelter Corporation,47,Sojourn House,1132,Sojourn House Hotel Program,165 Grange Ave,M5T 2V5,Toronto,ON,14251,Sojourn House - Refugee Family Hotel Program,Families,Transitional,Shelter,Base Shelter and Overnight Services System,219,Room Based Capacity,,,,,,63,75,62,1,12,,98.41
108,22-01-01,28,The MUC Shelter Corporation,47,Sojourn House,1059,Sojourn House Ontario St,101 Ontario St,M5A 2V2,Toronto,ON,12273,Sojourn House Bedded Program,Mixed Adult,Emergency,Shelter,Base Shelter and Overnight Services System,67,Bed Based Capacity,67,67,67,0,0,,,,,,100,
110,22-01-01,7,The Salvation Army of Canada,28,Salvation Army - Evangeline Res,1036,SA Evangeline Residence,2808 Dundas St W,M6P 1Y5,Toronto,ON,12053,Salvation Army - Evangeline Residence - Women's Ministry,Women,Emergency,Shelter,Base Shelter and Overnight Services System,48,Bed Based Capacity,48,49,48,0,1,,,,,,100,
111,22-01-01,7,The Salvation Army of Canada,11,Salvation Army - Florence Booth,1175,SA North Hotel Program,30 Norfinch Dr,M3N 1X1,North York,ON,15811,Salvation Army Florence Booth Hotel Program,Women,Emergency,Motel/Hotel Shelter,COVID-19 Response,71,Room Based Capacity,,,,,,72,73,71,1,1,,98.61
112,22-01-01,7,The Salvation Army of Canada,29,Salvation Army - Gateway,1037,SA Gateway,107 Jarvis St,M5C 2H4,Toronto,ON,12071,Salvation Army - Gateway - Men's Hostel,Men,Emergency,Shelter,Base Shelter and Overnight Services System,52,Bed Based Capacity,52,54,52,0,2,,,,,,100,
113,22-01-01,7,The Salvation Army of Canada,45,Salvation Army - Maxwell Meighen,1166,SA Scarborough Hotel Program,50 Estate Dr,M1H 2Z1,Scarborough,ON,15491,SA Scarborough Hotel - Men's Program,Men,Emergency,Motel/Hotel Shelter,COVID-19 Response,129,Room Based Capacity,,,,,,129,131,129,0,2,,100
114,22-01-01,7,The Salvation Army of Canada,45,Salvation Army - Maxwell Meighen,1057,Maxwell Meighen Centre,135 Sherbourne St,M5A 2R5,Toronto,ON,12258,Salvation Army - Maxwell Meighen - Men's Hostel,Men,Emergency,Shelter,Base Shelter and Overnight Services System,227,Bed Based Capacity,234,234,227,7,0,,,,,,97.01,
115,22-01-01,7,The Salvation Army of Canada,73,Salvation Army - New Hope Leslie,1126,SA New Hope Leslieville,29A Leslie St,M4M 3C3,Toronto,ON,14091,Salvation Army - New Hope - Men's Hostel,Men,Emergency,Shelter,Base Shelter and Overnight Services System,36,Bed Based Capacity,36,36,36,0,0,,,,,,100,
117,22-01-01,7,The Salvation Army of Canada,77,Salvation Army Islington Seniors,1146,SA Islington Seniors' Shelter,2671 Islington Ave,M9V 2X6,Toronto,ON,14571,Salvation Army - Islington Seniors' Shelter Men's Program,Men,Emergency,Shelter,Base Shelter and Overnight Services System,36,Bed Based Capacity,37,39,36,1,2,,,,,,97.3,
120,22-01-01,29,Toronto Community Hostel,48,Toronto Community Hostel,1120,Toronto Community Hostel (MUC),191 Spadina Rd,M5R 2T9,Toronto,ON,12274,Toronto Community Hostel (Families),Families,Emergency,Shelter,Base Shelter and Overnight Services System,10,Room Based Capacity,,,,,,3,3,3,0,0,,100
122,22-01-01,20,Turning Point Youth Services,33,Turning Point Youth Services,1041,Turning Point Youth Services ,95 Wellesley St E,M4Y 2X9,Toronto,ON,12151,Turning Point Youth Services Shelter,Youth,Emergency,Shelter,Base Shelter and Overnight Services System,13,Bed Based Capacity,13,16,13,0,3,,,,,,100,
123,22-01-01,36,Warden Woods Community Centre,71,Scarborough Cold Weather Drop-IN,1115,Warden Woods 705 Progress Ave Respite ,705 Progress Ave,M1H 2X1,Toronto,ON,15091,Warden Woods 705 Progress Ave Respite,Mixed Adult,Emergency,24-Hour Respite Site,Base Shelter and Overnight Services System,28,Bed Based Capacity,28,37,28,0,9,,,,,,100,
125,22-01-01,4,WoodGreen Red Door Family Shelter,7,Red Door Family Shelter,1001,Red Door Family Shelter,189B Booth Ave,M4M 2M5,Toronto,ON,11791,Red Door - Family Shelter,Families,Emergency,Shelter,Base Shelter and Overnight Services System,74,Room Based Capacity,,,,,,23,27,22,1,4,,95.65
126,22-01-01,3,YMCA of Greater Toronto,5,YMCA House,1096,Vanauley Street YMCA Emergency Shelter,7 Vanauley St,M5T 2V9,Toronto,ON,13291,YMCA House-Vanauley,Youth,Emergency,Shelter,Base Shelter and Overnight Services System,19,Bed Based Capacity,19,19,19,0,0,,,,,,100,
128,22-01-01,3,YMCA of Greater Toronto,64,YMCA Sprott House,1101,YMCA Sprott House ,21 Walmer Rd,M5R 2W7,Toronto,ON,13451,YMCA Sprott House,Youth,Transitional,Shelter,Base Shelter and Overnight Services System,22,Bed Based Capacity,25,25,22,3,0,,,,,,88,
129,22-01-01,17,YWCA Toronto,50,YWCA - First Stop Woodlawn,1062,YWCA 1st Stop Woodlawn ,80 Woodlawn Ave E,M4T 1C1,Toronto,ON,12277,YWCA - Adult Women Shelter,Women,Emergency,Shelter,Base Shelter and Overnight Services System,24,Bed Based Capacity,25,25,24,1,0,,,,,,96,
131,22-01-01,17,YWCA Toronto,78,YWCA-348 Davenport,1129,YWCA Davenport Shelter,348 Davenport Road,M5R 1K6,Toronto,ON,14651,YWCA Davenport - Adult,Women,Emergency,Shelter,Base Shelter and Overnight Services System,16,Bed Based Capacity,19,19,16,3,0,,,,,,84.21,
133,22-01-01,31,Youth Without Shelter,52,Youth Without Shelter,1064,Youth Without Shelter ,6 Warrendale Ct,M9V 1P9,Etobicoke,ON,12292,Youth without Shelter Emergency Shelter Program,Youth,Emergency,Shelter,Base Shelter and Overnight Services System,23,Bed Based Capacity,23,23,23,0,0,,,,,,100,
135,22-01-01,38,YouthLink,81,YouthLink Shelter,1147,YouthLink ,747 Warden Ave,M1L 4A1,Scarborough,ON,14891,YouthLink Emergency Program,Youth,Emergency,Shelter,Base Shelter and Overnight Services System,10,Bed Based Capacity,10,10,10,0,0,,,,,,100,
1320,22-01-10,15,Homes First Society,24,HFS - Scarborough Shelter,1220,HFS - Metro Strachan,22 Metropolitan Rd,M1R 2T5,Toronto,ON,16651,HFS - Metro Strachan - Co-ed,Mixed Adult,Transitional,Motel/Hotel Shelter,Base Shelter and Overnight Services System,12,Room Based Capacity,,,,,,12,100,12,0,88,,100
1842,22-01-14,1,City of Toronto,91,,1240,Masaryk-Cowan CC,220 Cowan Ave,M6K 2N6,Toronto,ON,16711,COVID19 Response - Masaryk-Cowan,Mixed Adult,Emergency,24-Hour Respite Site,Winter Programs,13,Bed Based Capacity,34,34,13,21,0,,,,,,38.24,
1983,22-01-15,1,City of Toronto,91,,1158,Warden Hilltop CC,25 Mendelssohn St,M1L 0G8,Scarborough,ON,16731,COVID19 Response - Warden Hilltop,Mixed Adult,Emergency,24-Hour Respite Site,Winter Programs,44,Bed Based Capacity,55,55,44,11,0,,,,,,80,
2687,22-01-20,1,City of Toronto,91,,1171,SSHA East End Hotel Program,1684 Queen St E,M4L 1G6,Toronto,ON,16771,SSHA Queen East Hotel Program,Mixed Adult,Emergency,Motel/Hotel Shelter,COVID-19 Response,7,Room Based Capacity,,,,,,11,11,7,4,0,,63.64
8199,22-02-28,5,The Scott Mission Inc.,8,Scott Mission Men's Ministry,1300,The Scott Mission - Kensington location,346 Spadina Ave.,M5T 1J5,Toronto,ON,11891,Scott Mission - Men's Ministry Overnight Program,Men,Emergency,Shelter,Base Shelter and Overnight Services System,40,Bed Based Capacity,40,41,40,0,1,,,,,,100,
9050,22-03-07,24,COSTI Immigrant Services,40,COSTI Reception Centre,1320,COSTI Hotel Program Dixon,640 Dixon Rd.,M9W 1J1,Toronto,ON,16892,COSTI - Hotel Program - Dixon (Refugee Families),Families,Emergency,Motel/Hotel Shelter,Temporary Refugee Response,9,Room Based Capacity,,,,,,2,80,2,0,78,,100
48154,22-12-22,6,Dixon Hall,95,Mitchell Field Warming Centre,1400,Mitchell Field CC,89 Church Ave.,M2N 6C9,Toronto,ON,17171,Mitchell Field Warming Centre,Mixed Adult,Emergency,Warming Centre,Winter Programs,1,Bed Based Capacity,50,50,1,49,0,,,,,,2,
48999,22-12-28,26,Fred Victor Centre,72,Fred Victor-Better Living Centre,1078,Metro Hall,55 John St,M5V 3C6,Toronto,ON,17131,Fred Victor Warming Centre - Metro Hall,Mixed Adult,Emergency,Warming Centre,Winter Programs,33,Bed Based Capacity,33,45,33,0,12,,,,,,100,
49180,22-12-29,7,The Salvation Army of Canada,11,Salvation Army - Florence Booth,1189,Etobicoke Hotel Site 1,66 Norfinch Dr,M3N 1X1,North York,ON,17211,Salvation Army - Florence Booth - Hotel 400 - Women,Women,Emergency,Motel/Hotel Shelter,COVID-19 Response,24,Room Based Capacity,,,,,,23,72,12,11,49,,52.17